{"v":"4.8.0","meta":{"g":"LottieFiles AE ","a":"","k":"","d":"","tc":""},"fr":60,"ip":1,"op":180,"w":300,"h":300,"nm":"menu","ddd":0,"assets":[],"layers":[{"ddd":0,"ind":1,"ty":4,"nm":"line 1 Outlines","sr":1,"ks":{"o":{"a":0,"k":100,"ix":11},"r":{"a":1,"k":[{"i":{"x":[0.667],"y":[1]},"o":{"x":[0.518],"y":[0]},"t":30,"s":[0]},{"i":{"x":[0.667],"y":[1]},"o":{"x":[0.524],"y":[0]},"t":63,"s":[45]},{"i":{"x":[0.667],"y":[1]},"o":{"x":[0.508],"y":[0]},"t":95,"s":[45]},{"t":130,"s":[0]}],"ix":10},"p":{"a":1,"k":[{"i":{"x":0.667,"y":1},"o":{"x":0.537,"y":0},"t":0,"s":[151,72.506,0],"to":[0,14,0],"ti":[0,-14,0]},{"i":{"x":0.667,"y":0.667},"o":{"x":0.394,"y":0.394},"t":30,"s":[151,156.506,0],"to":[0,0,0],"ti":[0,0,0]},{"i":{"x":0.667,"y":1},"o":{"x":0.498,"y":0},"t":130,"s":[151,156.506,0],"to":[0,-14.001,0],"ti":[0,14.001,0]},{"t":167,"s":[151,72.5,0]}],"ix":2},"a":{"a":0,"k":[133.186,17.827,0],"ix":1},"s":{"a":0,"k":[100,100,100],"ix":6}},"ao":0,"shapes":[{"ty":"gr","it":[{"ind":0,"ty":"sh","ix":1,"ks":{"a":0,"k":{"i":[[9.707,0],[0,0],[0,-9.708],[-9.707,0],[0,0],[0,9.707]],"o":[[0,0],[-9.707,0],[0,9.707],[0,0],[9.707,0],[0,-9.708]],"v":[[115.359,-17.577],[-115.358,-17.577],[-132.936,0],[-115.358,17.577],[115.359,17.577],[132.936,0]],"c":true},"ix":2},"nm":"Path 1","mn":"ADBE Vector Shape - Group","hd":false},{"ty":"fl","c":{"a":0,"k":[0.9686274509803922,0.9686274509803922,0.9686274509803922,1],"ix":4},"o":{"a":0,"k":100,"ix":5},"r":1,"bm":0,"nm":"Fill 1","mn":"ADBE Vector Graphic - Fill","hd":false},{"ty":"tr","p":{"a":0,"k":[133.186,17.827],"ix":2},"a":{"a":0,"k":[0,0],"ix":1},"s":{"a":0,"k":[100,100],"ix":3},"r":{"a":0,"k":0,"ix":6},"o":{"a":0,"k":100,"ix":7},"sk":{"a":0,"k":0,"ix":4},"sa":{"a":0,"k":0,"ix":5},"nm":"Transform"}],"nm":"Group 1","np":2,"cix":2,"bm":0,"ix":1,"mn":"ADBE Vector Group","hd":false}],"ip":0,"op":600,"st":0,"bm":0},{"ddd":0,"ind":2,"ty":4,"nm":"line 2 Outlines","sr":1,"ks":{"o":{"a":1,"k":[{"i":{"x":[0.667],"y":[1]},"o":{"x":[0.537],"y":[0]},"t":0,"s":[100]},{"i":{"x":[0.667],"y":[1]},"o":{"x":[0.394],"y":[0]},"t":30,"s":[0]},{"i":{"x":[0.667],"y":[1]},"o":{"x":[0.63],"y":[0]},"t":130,"s":[0]},{"t":149,"s":[100]}],"ix":11},"r":{"a":0,"k":0,"ix":10},"p":{"a":0,"k":[151,154.429,0],"ix":2},"a":{"a":0,"k":[133.186,17.827,0],"ix":1},"s":{"a":0,"k":[100,100,100],"ix":6}},"ao":0,"shapes":[{"ty":"gr","it":[{"ind":0,"ty":"sh","ix":1,"ks":{"a":0,"k":{"i":[[9.707,0],[0,0],[0,-9.708],[-9.707,0],[0,0],[0,9.707]],"o":[[0,0],[-9.707,0],[0,9.707],[0,0],[9.707,0],[0,-9.708]],"v":[[115.359,-17.577],[-115.358,-17.577],[-132.936,0],[-115.358,17.577],[115.359,17.577],[132.936,0]],"c":true},"ix":2},"nm":"Path 1","mn":"ADBE Vector Shape - Group","hd":false},{"ty":"fl","c":{"a":0,"k":[0.9686274509803922,0.9686274509803922,0.9686274509803922,1],"ix":4},"o":{"a":0,"k":100,"ix":5},"r":1,"bm":0,"nm":"Fill 1","mn":"ADBE Vector Graphic - Fill","hd":false},{"ty":"tr","p":{"a":0,"k":[133.186,17.827],"ix":2},"a":{"a":0,"k":[0,0],"ix":1},"s":{"a":0,"k":[100,100],"ix":3},"r":{"a":0,"k":0,"ix":6},"o":{"a":0,"k":100,"ix":7},"sk":{"a":0,"k":0,"ix":4},"sa":{"a":0,"k":0,"ix":5},"nm":"Transform"}],"nm":"Group 1","np":2,"cix":2,"bm":0,"ix":1,"mn":"ADBE Vector Group","hd":false}],"ip":0,"op":600,"st":0,"bm":0},{"ddd":0,"ind":3,"ty":4,"nm":"line 3 Outlines","sr":1,"ks":{"o":{"a":0,"k":100,"ix":11},"r":{"a":1,"k":[{"i":{"x":[0.667],"y":[1]},"o":{"x":[0.518],"y":[0]},"t":30,"s":[0]},{"i":{"x":[0.667],"y":[1]},"o":{"x":[0.524],"y":[0]},"t":63,"s":[-45]},{"i":{"x":[0.667],"y":[1]},"o":{"x":[0.508],"y":[0]},"t":95,"s":[-45]},{"t":130,"s":[0]}],"ix":10},"p":{"a":1,"k":[{"i":{"x":0.667,"y":1},"o":{"x":0.537,"y":0},"t":0,"s":[151,236.353,0],"to":[0,-13.333,0],"ti":[0,13.333,0]},{"i":{"x":0.667,"y":0.667},"o":{"x":0.394,"y":0.394},"t":30,"s":[151,156.353,0],"to":[0,0,0],"ti":[0,0,0]},{"i":{"x":0.667,"y":1},"o":{"x":0.498,"y":0},"t":130,"s":[151,156.353,0],"to":[0,13.341,0],"ti":[0,-13.341,0]},{"t":167,"s":[151,236.4,0]}],"ix":2},"a":{"a":0,"k":[133.186,17.827,0],"ix":1},"s":{"a":0,"k":[100,100,100],"ix":6}},"ao":0,"shapes":[{"ty":"gr","it":[{"ind":0,"ty":"sh","ix":1,"ks":{"a":0,"k":{"i":[[9.707,0],[0,0],[0,-9.708],[-9.707,0],[0,0],[0,9.707]],"o":[[0,0],[-9.707,0],[0,9.707],[0,0],[9.707,0],[0,-9.708]],"v":[[115.359,-17.577],[-115.358,-17.577],[-132.936,0],[-115.358,17.577],[115.359,17.577],[132.936,0]],"c":true},"ix":2},"nm":"Path 1","mn":"ADBE Vector Shape - Group","hd":false},{"ty":"fl","c":{"a":0,"k":[0.9686274509803922,0.9686274509803922,0.9686274509803922,1],"ix":4},"o":{"a":0,"k":100,"ix":5},"r":1,"bm":0,"nm":"Fill 1","mn":"ADBE Vector Graphic - Fill","hd":false},{"ty":"tr","p":{"a":0,"k":[133.186,17.827],"ix":2},"a":{"a":0,"k":[0,0],"ix":1},"s":{"a":0,"k":[100,100],"ix":3},"r":{"a":0,"k":0,"ix":6},"o":{"a":0,"k":100,"ix":7},"sk":{"a":0,"k":0,"ix":4},"sa":{"a":0,"k":0,"ix":5},"nm":"Transform"}],"nm":"Group 1","np":2,"cix":2,"bm":0,"ix":1,"mn":"ADBE Vector Group","hd":false}],"ip":0,"op":600,"st":0,"bm":0}],"markers":[]}